;net.c;class;lspri_synth;lspri_serum;lspri_relative;lspri_diff;lspri_rel_ch;zav_synth;zav_serum;pdi_synth;pdi_serum;vol_synth;vol_serum;num_synth;num_serum;int_synth;int_serum;hdlayer_synth;hdlayer_serum;hdrel_synth;hdrel_serum;zav_ch;pdi_ch;vol_ch;num_ch;int_ch;zav_rel;pdi_rel;vol_rel;num_rel;int_rel;zp_synth;zp_serum;zp_ch;zp_rel;zp_synth_sign;zp_serum_sign;zp_synth_mag;zp_serum_mag;bca_density;AS.total;P01024;P0C0L4;P02649;P10909;Q14624;P01009;P04114;P00734;P0C0L5;P01008;P04196;P01023;P01042;P02656;P00739;P05154;P02743;P06396;P19823;P12259;P10720;P05546;P49908;P35542;P68871;Q03591;O43866;P02749;P03951;P02654;P03952;P02760;P00738;P01011;P18428;P02655;Q13103;P00736;P00748;P00742;P02774;Q14520;P00751;P00740;P03950;P02790;P09871;P27169;P02788;P20851;P18065;P00450;P08567;P01019;P02671;P15169;Q13790;P08709;P00451;Q06033;P14618;P23528;Q99467
G15.AC;-5.18390005;1;0.182530253;0.454404195;2.48947332;0.271873942;1.48947332;22.36;57.53;0.084;0.27;21.94;21.75;23.49;18.38;23.49;70.97;7.46;42.63;1.500671141;3.861073826;35.17;0.186;-0.19;-5.11;47.48;2.572898032;3.214285714;0.991340018;0.782460622;3.021285653;-21.78;-9.11;12.67;0.418273646;-1;-1;21.78;9.11;2.927;10.61455362;0.073492144;0.027369488;0.085656361;0.012671059;0.002534212;0.006588951;0.079574252;0.061834769;0.001520527;0.112012164;0.044095286;0.011657375;0.020273695;0;0.002027369;0.01064369;0.031424227;0.006588951;0.009123163;0.004054739;0.001520527;0.007602636;0.003041054;0;0;0.002027369;0;0;0.013684744;0;0;0;0;0.000506842;0;0;0.002534212;0.011657375;0.004561581;0;0;0;0;0;0.002534212;0;0.010136847;0;0.01064369;0.001520527;0;0;0;0;0;0.000506842;0;0;0;0;0.003041054;0;0
G15.AHT;-1.00853711;0;0.458209658;0.525747071;1.147394127;0.067537412;0.147394127;30.95;90.06;0.399;0.215;11.76;67.79;47.5;53.87;47.5;106.7;16.05;75.16;2.077181208;6.044295302;59.11;-0.184;56.03;6.37;59.2;2.909854604;0.538847118;5.764455782;1.134105263;2.246315789;15.22;-8.79;-24.01;-0.577529566;1;-1;15.22;8.79;4.602;10.00312588;0.021656535;0.055091185;0.001899696;0.005319149;0.00493921;0.016717325;0.021276596;0.263677812;0.007598784;0.047112462;0.001899696;0.004559271;0;0.000379939;0.001899696;0;0.002659574;0.000379939;0.005319149;0.002659574;0.000379939;0;0;0;0;0;0.003039514;0;0;0;0;0.00493921;0.001899696;0;0;0;0.003039514;0.000379939;0;0.082446809;0.000759878;0;0;0.050911854;0;0;0;0;0;0.007978723;0;0;0.002659574;0.000759878;0;0;0;0.009878419;0;0;0;0;0
G15.Ala-SH;-5.504386695;1;0.223533915;0.274761252;1.22917031;0.051227337;0.22917031;22.64;44.43;0.147;0.184;22.32;44.8;35.03;34.07;35.03;63.72;7.74;29.53;1.519463087;2.981879195;21.79;0.037;22.48;-0.96;28.69;1.96245583;1.25170068;2.007168459;0.972594919;1.819012275;-24.08;-6.73;17.35;0.27948505;-1;-1;24.08;6.73;4.79;10.26451127;0.08105939;0.017656501;0.107544141;0.00882825;0.002407705;0.006420546;0.016853933;0.123595506;0.001605136;0.313001605;0.031300161;0.00882825;0.016853933;0;0;0.010433387;0.016051364;0.002407705;0.003210273;0;0.006420546;0.016051364;0.003210273;0;0;0.005617978;0;0;0;0;0;0;0;0;0.000802568;0;0.001605136;0;0.004012841;0;0;0;0;0;0.008025682;0;0;0;0.010433387;0;0;0;0;0;0;0;0;0;0;0;0.001605136;0;0
G15.Asn-SH;-5.676687582;1;0.273619886;0.327264445;1.196055046;0.053644559;0.196055046;23.09;37.75;0.15;0.207;21.22;74.66;23.04;31.4;23.04;68.92;8.19;22.85;1.54966443;2.533557047;14.66;0.057;53.44;8.36;45.88;1.634906886;1.38;3.518378888;1.362847222;2.991319444;-20.27;-8.29;11.98;0.408978786;-1;-1;20.27;8.29;3.552;9.980184389;0.084718923;0.015835313;0.102137767;0.005542359;0.003958828;0.003167063;0.026128266;0.106096595;0.002375297;0.288202692;0.040380048;0.004750594;0.017418844;0;0;0.011876485;0.053840063;0.004750594;0;0;0.003958828;0.009501188;0.001583531;0;0;0.010292953;0;0;0;0;0;0;0;0;0.000791766;0;0.002375297;0;0;0;0;0;0;0;0.007125891;0;0;0;0.01266825;0;0;0;0;0;0;0.001583531;0;0;0;0;0;0;0
G15.AUT;-1.315665982;0;0.365435833;0.389573359;1.066051338;0.024137526;0.066051338;23.8;55.98;0.326;0.273;4.11;221.93;29.49;25.25;29.49;83.34;8.9;41.08;1.597315436;3.75704698;32.18;-0.053;217.82;-4.24;53.85;2.35210084;0.837423313;53.99756691;0.856222448;2.826042726;16.35;-7.95;-24.3;-0.486238532;1;-1;16.35;7.95;5.741;10.1485355;0.024524313;0.054968288;0.012262156;0.008033827;0.002536998;0.01987315;0.023678647;0.226638478;0.005496829;0.043128964;0.001691332;0.005496829;0;0.000422833;0.002114165;0.001268499;0.002114165;0;0.010993658;0.005919662;0;0.002114165;0;0;0.000845666;0;0.002114165;0;0;0;0;0.000845666;0;0;0;0.003805497;0.003805497;0;0;0.046511628;0.001268499;0.020295983;0;0.026638478;0;0;0;0;0;0.005919662;0;0.000422833;0.003382664;0.000422833;0;0;0;0.007610994;0.000422833;0;0;0;0.003382664
G15.CALNN;-7.13796526;1;0.206909736;0.26532699;1.28233207;0.058417254;0.28233207;25.22;38.8;0.144;0.154;21.32;36.99;23.12;34.38;23.12;41.33;10.32;23.9;1.69261745;2.604026846;13.58;0.01;15.67;11.26;18.21;1.538461538;1.069444444;1.734990619;1.487024221;1.787629758;-21.42;-6.54;14.88;0.305322129;-1;-1;21.42;6.54;2.976;10.76417871;0.043650794;0.034391534;0.010582011;0.007936508;0.022486772;0.009920635;0;0.141534392;0.001322751;0.185846561;0.072089947;0.011904762;0.056878307;0;0.001322751;0.033068783;0.068121693;0.005291005;0.005291005;0.005291005;0.002645503;0.010582011;0.001984127;0;0;0.003968254;0.000661376;0.013227513;0.017195767;0;0.024470899;0;0;0;0;0;0.001984127;0;0;0;0;0.003968254;0.011904762;0;0.002645503;0;0;0;0.024470899;0;0;0;0;0;0;0.002645503;0;0;0;0;0;0;0
G15.CIT;-5.419815916;1;0.210430919;0.292836119;1.391602152;0.082405201;0.391602152;18.65;54.03;0.138;0.217;19.47;38.58;28.3;32.35;28.3;64.47;3.75;39.13;1.251677852;3.626174497;35.38;0.079;19.11;4.05;36.17;2.897050938;1.572463768;1.981510015;1.143109541;2.278091873;-25.26;-8.5;16.76;0.336500396;-1;-1;25.26;8.5;5.488;11.3344902;0.127461707;0.038840263;0.012035011;0.007658643;0.064551422;0.006564551;0.007658643;0.024617068;0;0.085339168;0.019146608;0.010940919;0.074945295;0.006017505;0;0.028446389;0.001094092;0.024617068;0.00547046;0;0;0.002188184;0.000547046;0;0;0.004376368;0;0.032822757;0.019146608;0.00273523;0.014770241;0;0;0.004376368;0.002188184;0.000547046;0;0;0.002188184;0;0.004376368;0;0.008752735;0;0;0.012035011;0.000547046;0;0;0;0.001641138;0;0;0;0.001094092;0;0;0;0;0;0;0;0
G15.CTAB;-5.862286645;0;0.326141556;0.365810851;1.121632137;0.039669294;0.121632137;15.6;59.7;0.465;0.371;2.75;69.66;35.99;17.68;35.99;105.1;0.7;44.8;1.046979866;4.006711409;44.1;-0.094;66.91;-18.31;69.11;3.826923077;0.797849462;25.33090909;0.491247569;2.920255627;-5.01;-9.26;-4.25;1.848303393;-1;-1;5.01;9.26;4.008;8.864341562;0.091865358;0.074333801;0.01542777;0.010518934;0.025245442;0.0371669;0.04628331;0.0371669;0.003506311;0.066619916;0.011921459;0.011220196;0.050490884;0.009817672;0.002103787;0.010518934;0;0.01542777;0.01542777;0.003506311;0;0.003506311;0.000701262;0.002103787;0.000701262;0.002103787;0.001402525;0.020336606;0;0.004207574;0.007012623;0.002805049;0.004207574;0.002805049;0.005610098;0.002103787;0;0.005610098;0.001402525;0.000701262;0.011921459;0.002103787;0.00631136;0;0;0.009817672;0.002103787;0.002103787;0;0;0.001402525;0.002103787;0;0.001402525;0.004908836;0;0.001402525;0;0;0.002103787;0;0.000701262;0
G15.DDT@BDHDA;-7.294490912;0;0.266578823;0.317133738;1.189643401;0.050554915;0.189643401;23.15;47.03;0.187;0.336;22.84;175.14;27.78;23.34;27.78;140.15;8.25;32.13;1.553691275;3.156375839;23.88;0.149;152.3;-4.44;112.37;2.031533477;1.796791444;7.668126095;0.840172786;5.0449964;13.49;-9.7;-23.19;-0.719051149;1;-1;13.49;9.7;0.3;9.748892913;0.103219697;0.026515152;0.015151515;0.023674242;0.007575758;0.053030303;0.303030303;0.011363636;0.003787879;0.019886364;0;0.005681818;0;0.00094697;0.010416667;0;0;0.002840909;0.010416667;0;0;0;0;0.013257576;0.002840909;0;0.002840909;0;0;0;0;0;0.011363636;0.00094697;0;0.006628788;0;0;0;0;0.001893939;0;0;0;0;0;0.00094697;0.013257576;0;0;0;0;0;0;0;0;0.015151515;0;0;0;0;0;0
G15.DDT@CTAB;-7.590049746;0;0.275460611;0.32475128;1.17893908;0.049290668;0.17893908;20.53;48.4;0.191;0.308;19.51;113.66;23.23;25.62;23.23;99.43;5.63;33.5;1.377852349;3.248322148;27.87;0.117;94.15;2.39;76.2;2.357525572;1.612565445;5.825730395;1.102884201;4.280241068;19.6;-6.52;-26.12;-0.332653061;1;-1;19.6;6.52;1.215;10.29460337;0.092989986;0.026466381;0.015736767;0.04434907;0.039341917;0.034334764;0.178111588;0.032904149;0.002145923;0.048640916;0.007868383;0.005007153;0.033619456;0.012160229;0.004291845;0.004291845;0;0.008583691;0.010729614;0;0;0;0;0.012160229;0.002145923;0;0.000715308;0.001430615;0;0.002145923;0;0.002145923;0;0.00286123;0;0.005722461;0;0.005007153;0;0;0.008583691;0.000715308;0.00286123;0;0;0.007153076;0.003576538;0.007868383;0;0;0.000715308;0;0;0;0.006437768;0;0.011444921;0;0;0;0;0;0
G15.DDT@DOTAP;-1.127557324;0;0.27649778;0.297222531;1.074954492;0.020724751;0.074954492;28.17;47.34;0.193;0.237;28.17;62.91;31.58;34.51;31.58;83.76;13.27;32.44;1.890604027;3.177181208;19.17;0.044;34.74;2.93;52.18;1.680511182;1.227979275;2.233226837;1.092780241;2.65231159;13.92;-6.37;-20.29;-0.457614943;1;-1;13.92;6.37;2.107;9.785198331;0.043281654;0.033591731;0.004521964;0.010981912;0.003229974;0.052325581;0.054909561;0.01744186;0.010335917;0.00129199;0.002583979;0.029715762;0;0.001937984;0.005813953;0.007751938;0.000645995;0.002583979;0.103359173;0.005813953;0;0;0;0;0.000645995;0;0.003875969;0;0;0;0;0.022609819;0.003875969;0.001937984;0;0;0.002583979;0;0;0.003875969;0;0.111111111;0;0;0;0;0;0;0;0;0;0.000645995;0;0;0;0;0.010335917;0;0;0.009689922;0;0;0
G15.DDT@ODA;-6.121800441;0;0.309989179;0.367331174;1.184980632;0.057341994;0.184980632;33.6;58.95;0.268;0.346;16.66;33.85;28.99;26.12;28.99;87.33;18.7;44.05;2.255033557;3.956375839;25.35;0.078;17.19;-2.87;58.34;1.754464286;1.291044776;2.031812725;0.901000345;3.012418075;25.83;-5.46;-31.29;-0.211382114;1;-1;25.83;5.46;0.412;10.7138128;0.044052863;0.008810573;0.008810573;0.070484581;0;0.017621145;0.264317181;0.008810573;0;0.114537445;0;0;0;0.008810573;0;0;0;0;0;0;0;0;0;0.022026432;0.004405286;0;0;0;0;0;0;0;0;0;0;0.013215859;0;0;0;0;0;0;0;0;0;0;0;0.052863436;0;0;0;0;0;0;0;0;0.039647577;0;0;0;0;0;0
G15.DDT@SA;-6.803896602;1;0.395907163;0.320778997;0.810237923;-0.075128165;-0.189762077;82.41;59.93;0.249;0.367;27.08;33.04;55.31;27.7;55.31;86.81;67.51;45.03;5.530872483;4.022147651;-22.48;0.118;5.96;-27.61;31.5;0.727217571;1.473895582;1.220088626;0.500813596;1.569517266;-29.37;-6.1;23.27;0.207694927;-1;-1;29.37;6.1;0.526;10.35315149;0.125886525;0.01891253;0.046099291;0.088652482;0.004137116;0.010047281;0.242907801;0.014184397;0.000591017;0.023640662;0.001182033;0.000591017;0.005910165;0.012411348;0.002955083;0;0;0.007092199;0;0;0;0;0;0.021276596;0.004728132;0;0;0;0;0;0;0;0;0;0.004137116;0.004137116;0;0;0;0;0.001182033;0;0;0;0;0;0.001182033;0.016548463;0;0;0;0;0;0.000591017;0;0;0.013593381;0;0;0;0;0;0
G15.DDT@SDS;-7.675949819;1;0.465010844;0.359906092;0.773973547;-0.105104752;-0.226026453;27.94;100.13;0.302;0.37;16.05;124.61;35.19;29.7;35.19;142.63;13.04;85.23;1.875167785;6.720134228;72.19;0.068;108.56;-5.49;107.44;3.583750895;1.225165563;7.763862928;0.84398977;4.053140097;-21.68;-5.71;15.97;0.263376384;-1;-1;21.68;5.71;0.463;8.656337237;0.107542942;0.044062733;0.023898432;0.035847647;0.046303211;0.017923824;0.15459298;0.013442868;0.000746826;0.034353996;0.014189694;0.004480956;0.032860344;0.005974608;0.00746826;0.006721434;0;0.023151606;0.010455564;0;0;0;0;0.011949216;0.005974608;0.000746826;0;0.008961912;0;0;0.00373413;0;0.005227782;0.000746826;0.009708738;0.004480956;0;0.001493652;0;0;0.01120239;0;0.005974608;0;0;0.005974608;0;0.008215086;0;0;0;0;0;0.002240478;0.00746826;0;0.005974608;0;0;0;0;0;0
G15.DTNB;-6.083141235;1;0.241280528;0.413863805;1.715280587;0.172583277;0.715280587;23.58;60.27;0.108;0.248;22.67;45.24;25.16;32.93;25.16;81.13;8.68;45.37;1.582550336;4.044966443;36.69;0.14;22.57;7.77;55.97;2.555979644;2.296296296;1.995588884;1.308823529;3.224562798;-24.32;-10.42;13.9;0.428453947;-1;-1;24.32;10.42;5.883;11.26778554;0.036287924;0.007733492;0.033313504;0.00297442;0.019631172;0.014277216;0.001189768;0.076145152;0.001784652;0.161213563;0.148720999;0.01784652;0.157644259;0;0;0.00892326;0.001784652;0.001784652;0.000594884;0.002379536;0.004164188;0.009518144;0.004164188;0.001784652;0.001784652;0.001784652;0;0;0.036882808;0.000594884;0.024985128;0;0;0;0;0;0;0;0.036882808;0;0;0;0;0;0.007733492;0;0;0;0.001784652;0;0;0;0.001189768;0;0;0.001189768;0;0;0;0;0.000594884;0.000594884;0
G15.F127;-5.361119869;1;0.175809217;0.244866649;1.392797558;0.069057431;0.392797558;42.05;46.63;0.216;0.197;31.55;57;36.47;38.14;36.47;72.78;27.15;31.73;2.822147651;3.129530201;4.58;-0.019;25.45;1.67;36.31;1.108917955;0.912037037;1.806656101;1.045791061;1.995612832;-8.96;-6.63;2.33;0.739955357;-1;-1;8.96;6.63;2.921;9.900202125;0.085790885;0.042001787;0.018766756;0.023681859;0.113941019;0.009830206;0.00536193;0.024575514;0.000446828;0.060321716;0.018766756;0.016979446;0.059428061;0.010277033;0.00178731;0.019660411;0;0.023235031;0.002234138;0.006255585;0.000893655;0.001340483;0.001340483;0.009830206;0.004915103;0.004915103;0;0.029490617;0.026362824;0.00536193;0.015192136;0;0;0.00357462;0.006255585;0.002680965;0;0.00536193;0.004021448;0;0.003127793;0;0.004915103;0;0;0;0.002234138;0.007596068;0;0;0.003127793;0.000893655;0;0;0.00893655;0;0.000893655;0;0;0;0;0;0
G15.Gly-SH;-4.975283173;1;0.261762326;0.402931794;1.539303993;0.141169468;0.539303993;77.02;55.39;0.211;0.236;26.46;45.34;38.3;35.75;38.3;74.16;62.12;40.49;5.169127517;3.717449664;-21.63;0.025;18.88;-2.55;35.86;0.719163854;1.118483412;1.713529856;0.933420366;1.936292428;-17.77;-5.68;12.09;0.319639842;-1;-1;17.77;5.68;4.049;10.13716499;0.059633028;0.03058104;0.117737003;0.006116208;0.002293578;0.003058104;0.02293578;0.116207951;0.002293578;0.279051988;0.012996942;0.005351682;0.014525994;0;0;0.012232416;0.024464832;0.00382263;0.001529052;0;0.006116208;0.009938838;0.002293578;0.001529052;0;0.000764526;0;0;0;0;0;0;0;0;0.000764526;0;0.001529052;0;0;0.04587156;0;0;0;0.005351682;0.008409786;0;0;0;0.008409786;0;0;0;0.001529052;0;0;0;0;0.003058104;0;0;0;0;0
G15.HDA;-0.270329774;0;0.24383915;0.275642322;1.130426849;0.031803172;0.130426849;28.04;54.89;0.194;0.235;22.69;75.71;29.18;38.46;29.18;81.68;13.14;39.99;1.881879195;3.683892617;26.85;0.041;53.02;9.28;52.5;1.957560628;1.211340206;3.336712208;1.318026045;2.799177519;11.21;-7.73;-18.94;-0.68956289;1;-1;11.21;7.73;1.645;10.07581458;0.054498715;0.013881748;0.029305913;0.098200514;0.004113111;0.099742931;0.150642674;0.028277635;0.002570694;0.029305913;0;0.005141388;0;0.003598972;0.01285347;0;0;0.002056555;0.009768638;0.001028278;0;0.002570694;0;0.008226221;0.004627249;0;0.001542416;0;0;0;0;0;0.003598972;0;0;0.003598972;0.000514139;0.007197943;0;0;0.000514139;0.001028278;0;0.000514139;0;0;0.004113111;0.059125964;0;0;0;0.001028278;0;0.005141388;0;0;0.024678663;0;0;0;0;0;0.001542416
G15.LA;-5.963982042;1;0.236781552;0.301309576;1.272521335;0.064528024;0.272521335;22.45;48.09;0.23;0.201;21.44;96.56;39.75;40.22;39.75;84.19;7.55;33.19;1.506711409;3.227516779;25.64;-0.029;75.12;0.47;44.44;2.142093541;0.873913043;4.503731343;1.011823899;2.117987421;-26.48;-8.95;17.53;0.337990937;-1;-1;26.48;8.95;6.442;11.1411953;0.073003802;0.013688213;0.101901141;0.005323194;0.008365019;0.006844106;0.003802281;0.121673004;0.002281369;0.306463878;0.091254753;0.003802281;0.019771863;0;0;0.006844106;0;0;0;0.029657795;0.003802281;0.014448669;0.002281369;0;0;0.002281369;0;0;0;0;0;0;0;0;0;0;0;0;0;0;0;0;0;0;0;0;0;0;0;0;0;0;0;0;0;0;0;0;0.001520913;0;0;0;0.003802281
G15.MAA;-6.142034924;1;0.281333759;0.44858694;1.594500926;0.16725318;0.594500926;30.74;60.99;0.273;0.238;31.15;33.7;47.92;31.03;47.92;64.65;15.84;46.09;2.063087248;4.093288591;30.25;-0.035;2.55;-16.89;16.73;1.984059857;0.871794872;1.081861958;0.647537563;1.349123539;-24.17;-10.71;13.46;0.443111295;-1;-1;24.17;10.71;5.616;10.88662076;0.075641915;0.026370576;0.052047189;0.002081888;0.022206801;0.006245663;0.003469813;0.081193616;0.002081888;0.144344205;0.044413602;0.012491325;0.13462873;0;0;0.012491325;0.004163775;0.004163775;0;0;0.0055517;0.004857738;0.002081888;0;0;0;0;0;0.051353227;0;0.016655101;0;0;0;0.000693963;0;0.00277585;0;0;0.039555864;0;0;0;0.020124913;0;0;0;0;0;0;0.00277585;0;0;0;0;0;0;0.006939625;0;0;0;0;0.00277585
G15.MBA;-5.381423032;1;0.293044067;0.504304623;1.720917363;0.211260556;0.720917363;29.87;67.7;0.321;0.273;32.13;25.71;55.65;20.54;55.65;84.29;14.97;52.8;2.004697987;4.543624161;37.83;-0.048;-6.42;-35.11;28.64;2.266488115;0.85046729;0.800186741;0.369092543;1.514645103;-26.65;-8.74;17.91;0.327954972;-1;-1;26.65;8.74;4.36;10.61929658;0.024640657;0.030800821;0.080082136;0.002737851;0.004106776;0.008898015;0.010951403;0.147843943;0.005475702;0.123887748;0.014373717;0.001368925;0.052019165;0;0;0.004791239;0.016427105;0;0;0;0.002737851;0.006844627;0.001368925;0;0;0;0;0;0.006160164;0;0;0.002053388;0;0;0;0;0.004106776;0;0.002053388;0.090349076;0;0;0;0.032169747;0.003422313;0;0;0;0;0.003422313;0;0;0.004791239;0;0;0;0;0.006844627;0;0;0;0;0
G15.MES;-3.199321632;1;0.226323868;0.47629073;2.104465313;0.249966862;1.104465313;49.22;61.86;0.297;0.286;29.15;28.51;72.5;21.05;72.5;83.75;34.32;46.96;3.303355705;4.151677852;12.64;-0.011;-0.64;-51.45;11.25;1.256806176;0.962962963;0.978044597;0.290344828;1.155172414;-25.55;-10.21;15.34;0.399608611;-1;-1;25.55;10.21;4.038;10.66548222;0.050364964;0.035036496;0.018978102;0.002919708;0.024817518;0.028467153;0.017518248;0.05620438;0.001459854;0.170072993;0.000729927;0.009489051;0.141605839;0;0;0.009489051;0.006569343;0;0.000729927;0;0.005109489;0.002189781;0.003649635;0;0;0;0;0.004379562;0.054744526;0.017518248;0.027737226;0;0;0;0;0;0;0;0.033576642;0.032846715;0;0;0;0.019708029;0.004379562;0;0;0;0;0;0;0;0;0;0;0;0;0.001459854;0;0;0;0;0
G15.Met-SH;-5.928402063;1;0.215655836;0.282010021;1.307685548;0.066354184;0.307685548;23.19;52.42;0.167;0.215;21.04;50.9;28.2;26.57;28.2;72.7;8.29;37.52;1.556375839;3.518120805;29.23;0.048;29.86;-1.63;44.5;2.260457094;1.28742515;2.419201521;0.942198582;2.578014184;-22.2;-7.2;15;0.324324324;-1;-1;22.2;7.2;5.754;10.81788099;0.067915691;0.015612802;0.110070258;0.007806401;0.00234192;0.007806401;0.012490242;0.119437939;0.00312256;0.334894614;0.042935207;0.010148322;0.021857923;0;0;0.010148322;0.004683841;0.00312256;0.00234192;0.004683841;0.003903201;0.014832162;0.003903201;0;0;0.007025761;0;0;0.00234192;0;0;0;0;0;0;0;0.00156128;0;0.00078064;0;0;0;0;0;0.010928962;0;0;0;0.008587041;0;0;0;0;0;0;0.008587041;0;0;0;0;0.00312256;0;0
G15.MHA;-5.73542754;1;0.278335267;0.389208344;1.398343618;0.110873077;0.398343618;25.15;58.99;0.239;0.244;41.57;26.77;47.42;21.83;47.42;71.19;10.25;44.09;1.687919463;3.959060403;33.84;0.005;-14.8;-25.59;23.77;2.345526839;1.020920502;0.64397402;0.460354281;1.501265289;-24.38;-8.92;15.46;0.365873667;-1;-1;24.38;8.92;5.002;11.42456216;0.030010173;0.041200407;0.060020346;0.003051882;0.002543235;0.008646999;0.004577823;0.138351984;0.002543235;0.062054934;0.04069176;0;0.012716175;0;0;0.000508647;0.066632757;0;0;0;0.005595117;0;0;0;0;0;0.000508647;0;0;0;0;0;0;0;0;0;0.002543235;0;0;0.094099695;0;0;0;0.038148525;0.006103764;0;0;0;0;0.006612411;0;0;0;0;0;0;0;0.003560529;0;0;0;0;0
G15.MHDA;-5.778333231;1;0.242059338;0.294179224;1.215318635;0.052119886;0.215318635;23.12;43.62;0.076;0.155;23.11;36.92;23.95;32.34;23.95;47.82;8.22;28.72;1.551677852;2.927516779;20.5;0.079;13.81;8.39;23.87;1.886678201;2.039473684;1.597576807;1.350313152;1.996659708;-25.65;-8.65;17;0.337231969;-1;-1;25.65;8.65;4.523;11.07476382;0.026966292;0.052434457;0.046441948;0.002996255;0;0.003745318;0.002247191;0.100374532;0.0082397;0.123595506;0.05093633;0;0.016479401;0;0;0.002996255;0.026217228;0;0;0;0.004494382;0.005992509;0.000749064;0;0;0;0.001498127;0.000749064;0;0.005992509;0;0;0;0;0;0;0;0;0;0.080149813;0;0;0;0.029213483;0.001498127;0;0;0;0.010486891;0.006741573;0;0;0.001498127;0;0;0;0;0;0;0;0;0;0
G15.MPA;-5.395928676;1;0.30364357;0.451141715;1.485760805;0.147498145;0.485760805;25.73;55.65;0.284;0.289;20.3;17.18;39.49;14.1;39.49;70.02;10.83;40.75;1.726845638;3.734899329;29.92;0.005;-3.12;-25.39;30.53;2.162844928;1.017605634;0.846305419;0.357052418;1.773107116;-27.52;-10.96;16.56;0.398255814;-1;-1;27.52;10.96;5.025;10.86174875;0.033498759;0.036600496;0.109801489;0.004962779;0.005583127;0.015508685;0.009925558;0.155707196;0.003101737;0.064516129;0.016129032;0;0.032878412;0;0;0.001240695;0.034739454;0;0;0;0.006203474;0;0;0;0;0;0;0;0;0;0;0;0;0;0;0;0.00248139;0;0;0.075062035;0;0;0;0.039081886;0.000620347;0;0;0;0;0.006823821;0;0;0.001240695;0;0;0;0;0.008064516;0;0;0;0;0
G15.MSA;-6.104821487;1;0.255577211;0.424225322;1.659871477;0.168648112;0.659871477;34.33;52;0.203;0.288;19.29;22.58;49.98;19.23;49.98;67.07;19.43;37.1;2.304026846;3.489932886;17.67;0.085;3.29;-30.75;17.09;1.514710166;1.418719212;1.170554692;0.384753902;1.341936775;-24.92;-14.24;10.68;0.571428571;-1;-1;24.92;14.24;4.017;11.03285426;0.03617945;0.037626628;0.073806078;0.002894356;0.005065123;0.012301013;0.017366136;0.162083936;0.005788712;0.087554269;0.002894356;0.001447178;0.02170767;0;0;0.002894356;0.018089725;0;0;0;0;0;0.001447178;0;0;0;0.000723589;0;0.002170767;0;0;0.004341534;0;0;0;0;0.002894356;0;0;0.093342981;0;0;0;0.035455861;0.000723589;0;0;0;0;0.005065123;0;0;0.005065123;0;0;0;0;0.010130246;0;0;0;0;0
G15.MUA;-4.846843212;1;0.235656506;0.301574914;1.279722416;0.065918407;0.279722416;22.63;45.52;0.092;0.166;21.04;44.96;22.4;39.05;22.4;51.1;7.73;30.62;1.518791946;3.055033557;22.89;0.074;23.92;16.65;28.7;2.011489174;1.804347826;2.136882129;1.743303571;2.28125;-21.13;-8.35;12.78;0.39517274;-1;-1;21.13;8.35;4.913;11.05793282;0.030448718;0.040064103;0.06650641;0.002403846;0;0.00400641;0.002403846;0.100961538;0.005608974;0.157852564;0.061698718;0.001602564;0.026442308;0;0;0.005608974;0.016025641;0;0;0;0.00400641;0.010416667;0;0;0;0.002403846;0.001602564;0.006410256;0;0;0;0;0;0;0;0;0.00400641;0;0.004807692;0.079326923;0;0;0;0.024038462;0.00400641;0;0;0;0.00400641;0.003205128;0;0;0.005608974;0;0;0;0;0;0.003205128;0;0;0;0
G15.MUTA;0.112753503;0;0.24950092;0.419192998;1.680126059;0.169692078;0.680126059;27.18;127.34;0.156;0.173;22.97;145.01;30.92;97.42;30.92;139.75;12.28;112.44;1.824161074;8.546308725;100.16;0.017;122.04;66.5;108.83;4.685062546;1.108974359;6.313016979;3.150711514;4.519728331;18.17;-8.07;-26.24;-0.44413869;1;-1;18.17;8.07;1.7;10.95725564;0.039417309;0.145672665;0.00428449;0.010282776;0.011996572;0.036846615;0.021422451;0.033419023;0.007712082;0.057412168;0;0.050556984;0;0.000856898;0;0.010282776;0;0;0.088260497;0.007712082;0;0.003427592;0;0;0;0;0;0;0;0;0;0.023136247;0;0.003427592;0;0;0.00856898;0;0;0;0;0.075407027;0;0;0;0;0;0;0;0;0;0;0;0.007712082;0;0;0;0;0.001713796;0.050556984;0;0;0
G15.NT@DCA;-8.587272661;1;0.76967269;0.354844606;0.461033125;-0.414828084;-0.538966875;183.16;43.77;0.314;0.34;299.33;31.39;281.85;27.01;281.85;74.93;168.26;28.87;12.29261745;2.937583893;-139.39;0.026;-267.94;-254.84;-206.92;0.238971391;1.082802548;0.104867538;0.095831116;0.26585063;-4.78;-7.95;-3.17;1.663179916;-1;-1;4.78;7.95;0.596;8.006792258;0.086956522;0.017902813;0.05029838;0.10400682;0.005967604;0.017050298;0.26001705;0.008525149;0.000852515;0.014492754;0.00170503;0.002557545;0.00170503;0.018755328;0.010230179;0;0;0.00341006;0.011082694;0;0;0;0;0.033248082;0.005967604;0;0;0;0;0;0;0;0;0;0;0.009377664;0;0;0;0;0;0;0;0;0;0;0;0.00341006;0;0;0;0;0;0.00170503;0;0;0.00511509;0;0;0;0;0;0
G15.NT@PSMA-AAP;-6.223778074;1;0.29863054;0.313519973;1.049859044;0.014889433;0.049859044;23.9;41.64;0.113;0.129;23.23;41.61;25.21;39.84;25.21;43.85;9;26.74;1.604026846;2.794630872;17.74;0.016;18.38;14.63;18.64;1.742259414;1.14159292;1.791218252;1.580325268;1.739389131;-20.23;-7.81;12.42;0.386060306;-1;-1;20.23;7.81;4.791;9.947124926;0.076566125;0.006960557;0.131477185;0.010827533;0.006960557;0.006960557;0.023975251;0.113689095;0.00154679;0.306264501;0.047177108;0.006960557;0.00154679;0.000773395;0;0.007733952;0.003866976;0.003093581;0.002320186;0.004640371;0;0.013921114;0.003093581;0.010827533;0;0.003866976;0;0;0;0.004640371;0;0;0;0;0.002320186;0;0;0;0;0;0;0;0;0;0;0;0;0;0;0;0;0;0;0;0;0;0;0;0.000773395;0;0;0;0
G15.NT@PSMA-EA;-6.16773377;1;0.303223492;0.315817781;1.041534675;0.012594289;0.041534675;24.19;41.88;0.128;0.118;22.04;39.15;25.94;35.75;25.94;45.8;9.29;26.98;1.623489933;2.810738255;17.69;-0.01;17.11;9.81;19.86;1.731293923;0.921875;1.776315789;1.378180416;1.765612953;-21.32;-5.26;16.06;0.246716698;-1;-1;21.32;5.26;6.209;10.37519174;0.069390902;0.00925212;0.118735544;0.00925212;0.00539707;0.00616808;0.033924441;0.112567463;0.00385505;0.32536623;0.047802621;0.00693909;0.00539707;0;0;0.01002313;0.00385505;0.00308404;0;0.00462606;0.00231303;0.01079414;0.00231303;0.00848111;0;0.00616808;0;0;0;0;0;0;0;0;0.00308404;0;0;0;0;0;0;0;0;0;0;0;0;0;0;0;0;0;0;0;0;0;0;0;0.00308404;0;0.00077101;0;0
G15.NT@PSMA-EDA;-5.40323656;1;0.497778911;0.363405935;0.730054904;-0.134372976;-0.269945096;252.88;61.79;0.301;0.184;379.63;181.76;321.41;32.61;321.41;87.24;237.98;46.89;16.97181208;4.146979866;-191.09;-0.117;-197.87;-288.8;-234.17;0.244345144;0.611295681;0.478781972;0.101459195;0.271429016;-18.3;-7.57;10.73;0.413661202;-1;-1;18.3;7.57;3.302;9.874107646;0.060781476;0.006512301;0.128075253;0.020260492;0.005788712;0.005788712;0.083936324;0.113603473;0.001447178;0.247467438;0.002894356;0.002894356;0;0.001447178;0.001447178;0.009406657;0.001447178;0;0.004341534;0.000723589;0;0.010853835;0.001447178;0.005788712;0.001447178;0;0;0;0;0;0;0;0;0;0;0;0;0;0;0;0;0;0;0;0;0;0;0.003617945;0;0;0;0;0;0;0;0;0;0;0;0;0;0;0
G15.NT@PSMA-Urea;-6.360527022;1;0.304125227;0.310763532;1.021827541;0.006638306;0.021827541;24.07;41.94;0.118;0.132;23.54;41.74;25.95;39.66;25.95;44.52;9.17;27.04;1.615436242;2.814765101;17.87;0.014;18.2;13.71;18.57;1.742417948;1.118644068;1.773152082;1.528323699;1.715606936;-13.98;-8.6;5.38;0.615164521;-1;-1;13.98;8.6;4.499;9.908877774;0.065420561;0.007593458;0.157126168;0.005841121;0.005841121;0.005257009;0.00817757;0.163551402;0.002336449;0.244158879;0.058995327;0.002920561;0.004672897;0.000584112;0;0.007593458;0.004088785;0.002920561;0.000584112;0.003504673;0.001752336;0.014018692;0.000584112;0.015771028;0;0.002336449;0;0;0;0.001168224;0;0;0;0.000584112;0;0;0;0;0;0;0;0;0;0;0.000584112;0;0;0.001752336;0;0;0;0;0;0;0;0;0;0;0.002336449;0;0;0;0
G15.ODA;-2.765228927;0;0.314176595;0.333633173;1.061928796;0.019456578;0.061928796;23.12;41.78;0.419;0.421;6.45;13.09;31.1;10.63;31.1;69.43;8.22;26.88;1.551677852;2.804026846;18.66;0.002;6.64;-20.47;38.33;1.807093426;1.00477327;2.029457364;0.341800643;2.232475884;18.85;-11.75;-30.6;-0.623342175;1;-1;18.85;11.75;1.592;10.47433882;0.043713384;0.008111762;0.047318612;0.098693105;0.01306895;0.022983326;0.078864353;0.042812078;0;0.045515998;0;0;0.016223524;0.020730059;0.004055881;0.006759802;0;0;0;0.000450653;0;0;0.000450653;0.020279405;0.004957188;0;0;0;0;0.008562416;0;0;0;0;0;0.01442091;0;0;0;0;0.002703921;0;0;0;0;0;0;0.020279405;0;0;0;0;0;0;0;0;0.016674178;0;0;0;0;0;0
G15.PAH-SH;-0.980056174;0;0.290991561;0.39566205;1.359702836;0.10467049;0.359702836;24.78;68.07;0.41;0.31;1.02;347.84;69.08;31.91;69.08;121.9;9.88;53.17;1.663087248;4.568456376;43.29;-0.1;346.82;-37.17;52.82;2.746973366;0.756097561;341.0196078;0.461928199;1.76462073;12.19;-6.48;-18.67;-0.531583265;1;-1;12.19;6.48;3.58;10.07581458;0.053648915;0.033925049;0.01183432;0.011439842;0.01025641;0.030374753;0.001972387;0.125443787;0.004733728;0.063905325;0.017751479;0.00591716;0.028402367;0.007495069;0.002761341;0.001183432;0.001183432;0.011045365;0.032741617;0.011045365;0;0.001972387;0.000394477;0;0.001577909;0;0.001972387;0;0;0;0;0.003944773;0;0.001183432;0;0.003550296;0.002761341;0.003155819;0;0.063510848;0.00591716;0.006311637;0.001183432;0.027613412;0;0.00591716;0.001183432;0;0;0.002761341;0.001183432;0.002366864;0.001972387;0;0.007495069;0;0;0.003944773;0;0.003944773;0;0.000394477;0
G15.PEI-SH;-1.292157197;0;0.253904726;0.252871777;0.995931747;-0.001032949;-0.004068253;28.94;52.46;0.171;0.176;25.25;78.53;31.49;37.65;31.49;68.15;14.04;37.56;1.942281879;3.520805369;23.52;0.005;53.28;6.16;36.66;1.812715964;1.029239766;3.11009901;1.195617656;2.164179104;15.27;-7.04;-22.31;-0.461034709;1;-1;15.27;7.04;5.331;9.966980929;0.017656501;0.05682183;0;0.005457464;0.002568218;0.026324238;0.012520064;0.159229535;0.0070626;0.020224719;0.000642055;0.028892456;0.000963082;0.000321027;0.002247191;0.002568218;0.0035313;0;0.043980738;0.0105939;0;0;0.000321027;0;0;0;0.002568218;0;0;0;0;0.016051364;0;0.000963082;0;0;0.002568218;0;0;0.058105939;0;0.052327448;0;0.02953451;0;0;0;0;0;0.008346709;0;0.000963082;0.000963082;0.002889246;0;0;0;0.002889246;0;0.027929374;0;0;0.000963082
G15.Phe;-5.303578785;1;0.272687021;0.30344301;1.112788609;0.03075599;0.112788609;20.05;58.53;0.34;0.267;4.34;123.73;31.64;38.72;31.64;114.95;5.15;43.63;1.345637584;3.928187919;38.48;-0.073;119.39;7.08;83.31;2.919201995;0.785294118;28.50921659;1.223767383;3.633059418;-28.93;-7.91;21.02;0.273418597;-1;-1;28.93;7.91;5.06;11.28249074;0.111352526;0.039652363;0.017925041;0.010320478;0.071700163;0.006518197;0.003802281;0.033134166;0.000543183;0.072786529;0.031504617;0.007604563;0.108093427;0.004345464;0.001086366;0.019011407;0.002172732;0.02498642;0.005975014;0;0;0.004345464;0.001086366;0;0;0.009777295;0;0.027159153;0.033677349;0.001629549;0.020640956;0.001086366;0;0.002172732;0.001629549;0;0;0.004888647;0.003802281;0;0.002715915;0;0.011406844;0;0;0.015209125;0.002172732;0;0;0.000543183;0.001629549;0;0;0.000543183;0.004345464;0;0;0;0;0;0;0;0
G15.Phe-SH;-6.26867771;1;0.259331735;0.295586882;1.139802198;0.036255147;0.139802198;22.74;41.93;0.172;0.14;32.56;114.85;40.11;37.84;40.11;64.81;7.84;27.03;1.526174497;2.81409396;19.19;-0.032;82.29;-2.27;24.7;1.843887423;0.813953488;3.527334152;0.943405635;1.615806532;-16.94;-10.42;6.52;0.615112161;-1;-1;16.94;10.42;5.593;10.31798352;0.073492981;0.009083402;0.128819158;0.009909166;0.006606111;0.005780347;0.009083402;0.1164327;0.002477291;0.332782824;0.047894302;0.007431874;0.018166804;0;0;0.009083402;0.000825764;0.003303055;0;0.001651528;0.004954583;0.011560694;0.004128819;0.009083402;0.000825764;0.004128819;0;0;0;0;0;0;0;0;0.003303055;0;0;0;0;0;0;0;0;0;0;0;0;0;0.002477291;0;0;0;0;0;0;0;0;0;0;0;0.001651528;0;0
G15.PLL-SH;-0.965756107;0;0.283710662;0.274685387;0.968188452;-0.009025275;-0.031811548;56.54;72.3;0.228;0.201;38.81;52.9;61.14;46.12;61.14;83.14;41.64;57.4;3.794630872;4.852348993;15.76;-0.027;14.09;-15.02;22;1.278740715;0.881578947;1.36305076;0.754334315;1.359829899;19.01;-5.64;-24.65;-0.296685955;1;-1;19.01;5.64;5.361;9.772510801;0.019167835;0.045348294;0.001402525;0.008882655;0.004207574;0.023375409;0.000935016;0.122487144;0.005610098;0.014025245;0.001402525;0.026647966;0;0;0.001402525;0.002805049;0.000935016;0;0.083216456;0.009817672;0;0;0;0;0.000467508;0;0.003740065;0;0;0;0;0.021037868;0;0.000935016;0;0;0.005610098;0;0;0.040673212;0.000467508;0.063113604;0;0.019167835;0;0;0;0;0;0.003740065;0;0.001402525;0.000467508;0.003272557;0.000935016;0;0;0.000935016;0;0.036465638;0;0;0
G15.PVA;-7.930160375;1;0.206518319;0.264679172;1.281625636;0.058160853;0.281625636;36.7;53.12;0.213;0.178;34.45;43.83;40.24;39.24;40.24;58.53;21.8;38.22;2.463087248;3.565100671;16.42;-0.035;9.38;-1;18.29;1.447411444;0.835680751;1.272278665;0.975149105;1.454522863;-6.94;-6.06;0.88;0.873198847;-1;-1;6.94;6.06;2.173;9.374924647;0.059276823;0.036158862;0.009484292;0.021932424;0.142857143;0.009484292;0.001185536;0.029045643;0.001185536;0.080616479;0.029045643;0.019561352;0.091286307;0.002371073;0.002371073;0.01659751;0;0.001778305;0;0.008298755;0.000592768;0.002371073;0.001185536;0.016004742;0.004149378;0.004149378;0.002963841;0.004149378;0.044457617;0;0.029638411;0;0;0.000592768;0.002371073;0;0;0.002371073;0;0;0;0;0;0;0;0;0;0.019561352;0;0;0.001185536;0;0;0;0.001778305;0.001185536;0;0;0;0;0;0;0
G15.PVP;-6.021862958;1;0.214972439;0.226224246;1.052340694;0.011251807;0.052340694;36.85;52.96;0.215;0.217;220.5;153;106.06;33.38;106.06;86.22;21.95;38.06;2.473154362;3.554362416;16.11;0.002;-67.5;-72.68;-19.84;1.437177748;1.009302326;0.693877551;0.314727513;0.812936074;-7.34;-5.24;2.1;0.713896458;-1;-1;7.34;5.24;2.602;9.792711736;0.121399927;0.067444404;0.004739336;0.013853445;0.073277433;0.003281079;0.011301495;0.030987969;0.003645643;0.056507474;0.011301495;0.012395188;0.095880423;0.006197594;0.001093693;0.034269048;0.000729129;0.009114109;0.000729129;0.000729129;0.000729129;0;0.000364564;0.001093693;0.000364564;0.005468465;0.001458257;0.027342326;0.022238425;0.000364564;0.022238425;0;0;0;0;0;0;0.001093693;0.001458257;0;0;0;0.001458257;0;0;0;0.000729129;0;0;0;0.00255195;0;0;0;0.003645643;0;0;0;0;0;0;0;0
G15.SA;-5.916153517;1;0.235194793;0.259065497;1.101493336;0.023870704;0.101493336;20.98;46.53;0.201;0.214;26.45;126.27;34.7;27.76;34.7;67.36;6.08;31.63;1.408053691;3.122818792;25.55;0.013;99.82;-6.94;32.66;2.217826501;1.064676617;4.773913043;0.8;1.941210375;-24.63;-6.09;18.54;0.24725944;-1;-1;24.63;6.09;4.358;9.935531012;0.097351734;0.052965311;0.014173816;0.01230884;0.067885117;0.007832898;0.016784782;0.027228646;0.00074599;0.035061544;0.015292801;0.01305483;0.053338307;0.008951884;0.001491981;0.016038791;0.001118985;0.020514733;0.006713913;0.001118985;0.001491981;0.004102947;0.00074599;0;0.001864976;0.007459903;0;0.038791496;0.019395748;0.004475942;0.017903767;0.001118985;0;0.005594927;0.004848937;0.001118985;0;0.002610966;0.005594927;0;0.009324879;0.001864976;0.01230884;0;0;0.012681835;0.002237971;0.002237971;0;0;0.001118985;0;0;0;0.003729952;0;0.00074599;0;0;0;0;0;0
G15.Ser-SH;-5.224317298;1;0.216763661;0.406204486;1.873951032;0.189440825;0.873951032;22.71;57.25;0.137;0.266;28.97;159.47;30.78;33.03;30.78;83.08;7.81;42.35;1.524161074;3.842281879;34.54;0.129;130.5;2.25;52.3;2.520915896;1.941605839;5.504659993;1.073099415;2.699155296;-20.4;-8.73;11.67;0.427941176;-1;-1;20.4;8.73;3.724;10.52196152;0.072172103;0.027758501;0.095766829;0.006939625;0.004163775;0.0055517;0.040249827;0.102706454;0.001387925;0.302567661;0.016655101;0.0111034;0.015267176;0;0;0.0111034;0.043025677;0.00832755;0.00277585;0;0.004857738;0.011797363;0.002081888;0;0;0.004163775;0.000693963;0;0.00277585;0.000693963;0;0;0;0;0.000693963;0;0.001387925;0;0.003469813;0;0;0;0;0;0.009715475;0;0;0;0.011797363;0;0;0;0;0;0;0;0;0;0;0;0.000693963;0;0
G15.SPP;-6.611050045;1;0.156430033;0.24996844;1.597956836;0.093538408;0.597956836;21.59;48.66;0.201;0.115;22.22;45.99;48.43;42.63;48.43;52.06;6.69;33.76;1.448993289;3.265771812;27.07;-0.086;23.77;-5.8;3.63;2.253821214;0.572139303;2.069756976;0.880239521;1.074953541;-23.58;-8.03;15.55;0.340542833;-1;-1;23.58;8.03;7.278;11.28610994;0.054212454;0.032967033;0.043956044;0.007326007;0.021978022;0.008058608;0.000732601;0.088644689;0.004395604;0.153846154;0.066666667;0.00952381;0.165567766;0.000732601;0.000732601;0.013186813;0;0.008058608;0;0.005860806;0.005860806;0.006593407;0.004395604;0;0;0.00952381;0;0.004395604;0.049084249;0;0.020512821;0.000732601;0;0;0;0;0;0;0.001465201;0;0;0;0;0;0.003663004;0;0;0;0.013186813;0;0.002197802;0;0;0;0;0.005860806;0;0;0;0;0;0;0
G15.T20;-5.917024973;1;0.207846287;0.25079303;1.206627427;0.042946744;0.206627427;22.74;51.52;0.309;0.209;23.89;27.83;35.93;23.48;35.93;51.37;7.84;36.62;1.526174497;3.457718121;28.78;-0.1;3.94;-12.45;15.44;2.265611258;0.676375405;1.164922562;0.653492903;1.429724464;-10.71;-8.45;2.26;0.78898226;-1;-1;10.71;8.45;3.541;10.42824634;0.077455647;0.04456945;0.0263955;0.058848983;0.129813933;0.011683254;0.049762008;0.0263955;0.000432713;0.052791;0.009086975;0.01384682;0.040242319;0.013414106;0.006057984;0.014279533;0.000865426;0.000865426;0.005192557;0.009952402;0;0;0.000432713;0.012981393;0.004327131;0;0;0.004327131;0.003028992;0.008221549;0.01384682;0.000432713;0.002596279;0;0.010385115;0.002596279;0;0.011250541;0;0;0.001298139;0.002163566;0.002596279;0;0;0;0.006490697;0.022068369;0;0;0.002163566;0;0;0.000432713;0.001730852;0.000865426;0.004327131;0;0;0;0;0;0
G15.Thr-SH;-5.859771047;1;0.252741732;0.28309167;1.120082813;0.030349938;0.120082813;22.36;42.05;0.125;0.193;20.78;36.9;23.76;34.01;23.76;47.03;7.46;27.15;1.500671141;2.822147651;19.69;0.068;16.12;10.25;23.27;1.88059034;1.544;1.77574591;1.431397306;1.979377104;-18.46;-6.78;11.68;0.367280607;-1;-1;18.46;6.78;3.835;10.84613811;0.075572519;0.021374046;0.110687023;0.008396947;0.003816794;0.003816794;0.029770992;0.102290076;0.002290076;0.320610687;0.019847328;0.010687023;0.021374046;0;0;0.011450382;0.030534351;0.005343511;0.003053435;0;0.004580153;0.011450382;0.003816794;0;0;0.00610687;0;0;0;0;0;0;0;0;0;0;0;0;0.000763359;0;0;0;0;0;0.006870229;0;0;0;0.009160305;0;0;0;0;0;0;0.003053435;0;0;0;0;0.001526718;0;0
G15.TP;-4.652538433;1;0.230133184;0.44177019;1.91962837;0.211637005;0.91962837;22.16;57.28;0.1;0.27;21.7;38.73;23.48;30.32;23.48;73.94;7.26;42.38;1.487248322;3.844295302;35.12;0.17;17.03;6.84;50.46;2.584837545;2.7;1.784792627;1.291311755;3.149063032;-21.75;-10.09;11.66;0.463908046;-1;-1;21.75;10.09;3.282;11.04083647;0.035750766;0.030643514;0.075587334;0.004085802;0.003575077;0.007150153;0.044433095;0.097037794;0.003575077;0.13278856;0.037282942;0.008171604;0.028600613;0;0.00102145;0.01174668;0.051583248;0.002042901;0.00102145;0.004085802;0.006639428;0.009193054;0.00102145;0;0;0;0.003064351;0;0.008682329;0;0.003064351;0;0;0;0;0;0.001532176;0;0.003575077;0.051072523;0;0.000510725;0;0.005617978;0.01072523;0;0;0;0.008171604;0.007660878;0;0;0.002553626;0;0;0.000510725;0;0;0;0;0.003575077;0;0
G15.Trp-SH;-6.965784285;1;0.227017391;0.278460825;1.226605696;0.051443434;0.226605696;22.16;43.48;0.15;0.145;28.27;41.45;34.94;38.49;34.94;46.88;7.26;28.58;1.487248322;2.918120805;21.32;-0.005;13.18;3.55;11.94;1.962093863;0.966666667;1.466218606;1.101602748;1.341728678;-17.95;-7.37;10.58;0.410584958;-1;-1;17.95;7.37;5.222;10.33342271;0.071537291;0.01674277;0.101978691;0.00608828;0.009893455;0.005327245;0.011415525;0.090563166;0.00152207;0.251141553;0.101978691;0.00913242;0.055555556;0;0;0.00761035;0;0.012937595;0;0.002283105;0.00608828;0.01217656;0.00456621;0.005327245;0.000761035;0.00608828;0;0;0.01369863;0;0.006849315;0;0;0;0.00304414;0;0;0;0.002283105;0;0;0;0;0;0;0;0;0;0.002283105;0;0;0;0;0;0;0;0;0;0;0;0;0;0
G30.AC;-3.435963338;1;0.194353214;0.353491169;1.818807935;0.159137954;0.818807935;44.18;64.29;0.047;0.248;42.92;33.88;46.12;24.6;46.12;81.11;12.58;32.69;1.398101266;2.034493671;20.11;0.201;-9.04;-21.52;34.99;1.455183341;5.276595745;0.789375582;0.533391154;1.758673027;-33.12;-11.36;21.76;0.342995169;-1;-1;33.12;11.36;1.486;8.656467498;0.081431767;0.027293065;0.103355705;0.010290828;0.001342282;0.0049217;0.026845638;0.072483221;0.003131991;0.120805369;0.051454139;0.008053691;0.021029083;0;0.000894855;0.010290828;0.039373602;0.010738255;0.001342282;0.002237136;0.003579418;0.006711409;0.001342282;0;0;0.0098434;0.001789709;0;0.013870246;0;0.000894855;0;0;0;0;0;0;0.008948546;0.0098434;0;0;0;0;0;0.004474273;0;0.008053691;0;0.010290828;0;0;0;0.000447427;0;0;0;0;0;0;0;0.002684564;0;0.001789709
G30.AUT;-1.630795975;0;0.278635821;0.309800527;1.111847449;0.031164706;0.111847449;49.97;77.26;0.233;0.167;28.82;53.22;57.17;45.48;57.17;84.26;18.37;45.66;1.581329114;2.444936709;27.29;-0.066;24.4;-11.69;27.09;1.546127677;0.716738197;1.846634282;0.795522127;1.473849921;19.23;-10.03;-29.26;-0.521580863;1;-1;19.23;10.03;3.615;8.582472086;0.017948718;0.022051282;0.024102564;0.011794872;0.001538462;0.022564103;0.016923077;0.231282051;0.004102564;0.056923077;0.002564103;0.003076923;0;0.000512821;0;0.001025641;0;0;0.011794872;0.007179487;0;0.002564103;0;0;0.002051282;0;0.000512821;0;0;0;0;0.002564103;0;0;0;0.004615385;0.005128205;0;0;0.081538462;0.001538462;0.021025641;0;0.036923077;0;0;0;0;0;0.001538462;0;0.000512821;0.004102564;0;0;0;0;0.010769231;0.000512821;0;0;0;0.005128205
G30.CALNN;-7.551648752;1;0.218381264;0.22913763;1.049254983;0.010756366;0.049254983;42.32;65.4;0.133;0.086;39.46;65.28;41.57;62.14;41.57;69.93;10.72;33.8;1.339240506;2.069620253;23.08;-0.047;25.82;20.57;28.36;1.54536862;0.646616541;1.654333502;1.494828001;1.682222757;-29.75;-11.41;18.34;0.383529412;-1;-1;29.75;11.41;2.4;9.405134807;0.057673975;0.060533842;0.009056244;0.001429933;0.013822688;0.003336511;0.000953289;0.097712107;0.001906578;0.177311725;0.066253575;0.014299333;0.097712107;0.000476644;0.000953289;0.02907531;0.035748332;0.0085796;0;0.0042898;0.003336511;0.007626311;0.001906578;0.003813155;0;0.006673022;0;0.001429933;0.080552908;0;0.02049571;0;0;0;0;0;0;0;0;0;0;0.001429933;0;0;0.003336511;0;0;0;0.019542421;0;0.002859867;0;0;0;0;0.004766444;0;0;0.000953289;0;0;0;0
G30.CFGAILS;-6.355792989;1;0.210896027;0.225400645;1.068776159;0.014504619;0.068776159;41.82;68.38;0.094;0.098;42.09;66.65;44.6;63.33;44.6;73.43;10.22;36.78;1.323417722;2.163924051;26.56;0.004;24.56;18.73;28.83;1.635102822;1.042553191;1.583511523;1.419955157;1.646412556;-28.75;-9.72;19.03;0.338086957;-1;-1;28.75;9.72;2.878;9.212841051;0.117255717;0.067775468;0.03035343;0.007484407;0.061122661;0.002910603;0.014137214;0.051559252;0.000831601;0.103534304;0.03950104;0.012058212;0.094386694;0.002494802;0.001247401;0.01995842;0.002494802;0.015384615;0.001663202;0.004573805;0.002494802;0.007068607;0.002079002;0;0.002079002;0.006652807;0;0.013721414;0.068607069;0.001247401;0.017879418;0;0;0.000831601;0.001663202;0;0;0.001663202;0.002079002;0;0;0;0.003326403;0;0;0;0.0004158;0;0.004573805;0;0.004573805;0;0;0;0.001663202;0.002494802;0;0;0;0;0.001247401;0.000831601;0
G30.DDT@BDHDA;-4.952322025;0;0.239468642;0.380651375;1.589566683;0.141182733;0.589566683;40.4;53.24;0.164;0.261;35.08;20.8;45.15;15.37;45.15;69.68;8.8;21.64;1.278481013;1.684810127;12.84;0.097;-14.28;-29.78;24.53;1.317821782;1.591463415;0.592930445;0.340420819;1.543300111;19.93;-9.61;-29.54;-0.482187657;1;-1;19.93;9.61;0.622;8.618705462;0.085205993;0.014981273;0.028089888;0.032771536;0.001872659;0.059925094;0.203183521;0.037453184;0.001872659;0.049625468;0.012172285;0.014044944;0;0.003745318;0.008426966;0;0;0.003745318;0.011235955;0;0;0;0;0.016853933;0.00093633;0;0;0.012172285;0;0;0;0;0.009363296;0.001872659;0;0.004681648;0;0.001872659;0;0;0.001872659;0;0;0;0;0.001872659;0.002808989;0.014981273;0;0;0;0.002808989;0;0.001872659;0;0;0.013108614;0;0;0;0;0;0
G30.DDT@CTAB;-7.598413219;0;0.245009534;0.377310752;1.539983959;0.132301218;0.539983959;39.44;55.07;0.162;0.252;35.03;19.34;44.08;16.36;44.08;68;7.84;23.47;1.248101266;1.742721519;15.63;0.09;-15.69;-27.72;23.92;1.396298174;1.555555556;0.552098202;0.371143376;1.542649728;7.35;-5.14;-12.49;-0.699319728;1;-1;7.35;5.14;0.286;9.038918695;0.083443709;0.013907285;0.052980132;0.029801325;0.006622517;0.00794702;0.185430464;0.08013245;0.001986755;0.164900662;0.023178808;0;0.00397351;0.005960265;0.001986755;0.003311258;0.003311258;0.006622517;0;0;0;0.005298013;0;0.026490066;0.001324503;0;0;0.006622517;0;0;0;0;0.001324503;0;0;0.005960265;0;0;0;0;0;0;0;0;0;0;0;0.00397351;0;0;0;0;0;0;0;0;0.001986755;0;0;0;0;0;0
G30.DDT@DOTAP;-0.513604831;0;0.24399473;0.36658885;1.502445768;0.12259412;0.502445768;48.82;71.85;0.136;0.156;48.64;51.38;54.06;41.89;54.06;83.1;17.22;40.25;1.544936709;2.273734177;23.03;0.02;2.74;-12.17;29.04;1.471732896;1.147058824;1.056332237;0.774879763;1.53718091;20.08;-7.2;-27.28;-0.358565737;1;-1;20.08;7.2;0.851;8.691163302;0.038001407;0.03026038;0.004222379;0.004926108;0.002814919;0.067558058;0.040112597;0.015482055;0.009148487;0;0.004222379;0.032371569;0;0.002111189;0.003518649;0.008444757;0.00140746;0;0.132301196;0.003518649;0;0;0;0;0;0;0;0;0;0;0;0.032371569;0;0.002111189;0;0;0.004222379;0;0;0.003518649;0;0.142857143;0;0.00070373;0;0;0;0;0;0;0;0;0;0.002111189;0;0;0;0;0.00070373;0.020408163;0;0;0.008444757
G30.DDT@HDA;-5.308715983;0;0.24930105;0.342722713;1.374734337;0.093421663;0.374734337;43.58;61.43;0.161;0.226;40.07;23.48;49.23;18.1;49.23;73.47;11.98;29.83;1.379113924;1.943987342;17.85;0.065;-16.59;-31.13;24.24;1.409591556;1.403726708;0.585974545;0.367661995;1.492382693;18.93;-5.52;-24.45;-0.291600634;1;-1;18.93;5.52;0.735;8.455614147;0.081954295;0.009456265;0.055161545;0.017336485;0.002364066;0.050433412;0.136327817;0.051221434;0.002364066;0.07643814;0.022064618;0.00394011;0;0.003152088;0.00394011;0.003152088;0.019700552;0.002364066;0.006304177;0.005516154;0;0.00394011;0;0.02679275;0.00394011;0;0;0.026004728;0;0.005516154;0;0;0.00394011;0;0.001576044;0.005516154;0;0;0;0;0;0;0;0;0;0;0;0.018124507;0;0;0;0;0;0;0;0;0.007092199;0;0.001576044;0;0;0;0
G30.LA;-5.051219761;1;0.208557768;0.288393063;1.382797033;0.079835295;0.382797033;40;62.97;0.111;0.158;39.59;44.04;43.07;37.94;43.07;69.55;8.4;31.37;1.265822785;1.992721519;22.97;0.047;4.45;-5.13;26.48;1.57425;1.423423423;1.112402122;0.880891572;1.614813095;-32.37;-10.9;21.47;0.336731542;-1;-1;32.37;10.9;3.232;9.149565212;0.043176972;0.012260128;0.069829424;0.003198294;0.013326226;0.003731343;0.001599147;0.09434968;0.002665245;0.190831557;0.107142857;0.012260128;0.090085288;0;0.000533049;0.008528785;0.001066098;0.004264392;0;0.02238806;0.004797441;0.01119403;0.002665245;0.004797441;0;0.014392324;0;0.012793177;0.065565032;0;0.012260128;0;0;0;0.000533049;0;0;0;0;0;0;0;0.000533049;0;0.002132196;0;0;0;0.004797441;0;0;0;0.003198294;0;0;0.004264392;0;0;0.00533049;0;0;0;0
G30.MAA;-6.142034924;1;0.244654031;0.375908857;1.53649157;0.131254825;0.53649157;38.77;61.91;0.189;0.214;36.59;24.51;45.01;19.74;45.01;72.2;7.17;30.31;1.226898734;1.959177215;23.14;0.025;-12.08;-25.27;27.19;1.596853237;1.132275132;0.669855152;0.438569207;1.60408798;-28.55;-11.14;17.41;0.390192644;-1;-1;28.55;11.14;2.967;9.946132423;0.069396552;0.030172414;0.034482759;0.002155172;0.022844828;0.003448276;0.002155172;0.101293103;0.002586207;0.076293103;0.042241379;0.014224138;0.156034483;0.000431034;0.000431034;0.009913793;0.004741379;0.008189655;0;0.001724138;0.003448276;0;0.001724138;0.002586207;0;0.000862069;0;0.000431034;0.088793103;0.000431034;0.024137931;0;0;0;0;0;0.002586207;0;0.002155172;0.046551724;0;0;0;0.017672414;0.005172414;0;0;0;0.001293103;0;0.004310345;0;0.001293103;0;0;0.000862069;0;0.013362069;0;0;0;0;0
G30.Met-SH;-5.228638365;1;0.222195394;0.290942811;1.309400728;0.068747417;0.309400728;43.5;61.31;0.091;0.201;43.38;26.43;45.82;21.39;45.82;73.4;11.9;29.71;1.376582278;1.940189873;17.81;0.11;-16.95;-24.43;27.58;1.409425287;2.208791209;0.609266943;0.466826713;1.601920559;-30.57;-10.6;19.97;0.346745175;-1;-1;30.57;10.6;3.557;9.550485339;0.036450079;0.023771791;0.086106709;0.003169572;0.009508716;0.002113048;0.001584786;0.12836767;0.00528262;0.217643951;0.099313259;0.006867406;0.104067618;0.000528262;0;0.014263074;0.002113048;0.003697834;0;0.003697834;0.006867406;0.007395668;0.001584786;0.00528262;0;0.006339144;0;0;0.034337031;0.000528262;0.006339144;0;0;0;0;0;0;0;0;0;0;0;0;0;0.008452192;0;0;0;0.007395668;0;0;0;0;0;0;0.00528262;0;0;0;0;0;0;0.001056524
G30.MHDA;-4.325973307;1;0.209165937;0.272366315;1.302154258;0.063200378;0.302154258;43.68;67.37;0.058;0.121;43.28;51.96;45.11;41.65;45.11;76.17;12.08;35.77;1.382278481;2.131962025;23.69;0.063;8.68;-3.46;31.06;1.54235348;2.086206897;1.200554529;0.923298603;1.688539127;-33.48;-8.81;24.67;0.263142174;-1;-1;33.48;8.81;2.069;9.013747924;0.033453888;0.047468354;0.012206148;0.003164557;0.003616637;0.012658228;0.007685353;0.037522604;0.004972875;0.028481013;0.069168174;0.015370705;0.018987342;0;0.004068716;0.001808318;0.035262206;0.00045208;0.00045208;0;0.004972875;0.001808318;0.001356239;0;0;0.003164557;0.004520796;0.008137432;0.00994575;0.002712477;0.001808318;0;0.003616637;0;0;0;0.001808318;0;0.02079566;0.086347197;0;0;0;0.060126582;0.005424955;0.000904159;0;0;0.000904159;0.007233273;0;0;0.001808318;0.00045208;0;0;0;0.001808318;0;0;0;0;0
G30.MUA;-4.555036156;1;0.207309655;0.302032034;1.456912526;0.094722378;0.456912526;42.22;66.32;0.061;0.161;40.83;44.32;45.54;38.06;45.54;75.3;10.62;34.72;1.336075949;2.098734177;24.1;0.1;3.49;-7.48;29.76;1.570819517;2.639344262;1.085476365;0.835748792;1.653491436;-32.67;-9.41;23.26;0.288031833;-1;-1;32.67;9.41;1.91;8.935889773;0.032495667;0.035095321;0.008232236;0.003032929;0.003466205;0.00779896;0.02339688;0.031629116;0.004332756;0.045060659;0.074956672;0.009965338;0.018630849;0;0.002166378;0.001733102;0.040294627;0;0;0.000433276;0.003466205;0.000866551;0.000866551;0;0;0.006499133;0.00389948;0;0.008665511;0;0.005199307;0.000433276;0;0;0;0;0.002166378;0;0.037261698;0.099220104;0;0;0;0.057192374;0.005199307;0;0;0;0.004332756;0.00779896;0;0;0.001733102;0;0;0;0;0.001733102;0.001299827;0;0;0;0
G30.MUTA;0.500057573;0;0.497955977;0.651065624;1.307476273;0.153109648;0.307476273;91.86;122.28;0.387;0.203;64.67;495.82;136.68;66.11;136.68;163.85;60.26;90.68;2.906962025;3.869620253;30.42;-0.184;431.15;-70.57;27.17;1.331156107;0.524547804;7.666924385;0.483684519;1.198785484;24.34;-7.94;-32.28;-0.326211997;1;-1;24.34;7.94;1.332;8.346796636;0.031019202;0.035942885;0.001969473;0.007877893;0.007385524;0.073855244;0.031019202;0.019202363;0.006400788;0.016248154;0.00295421;0.07779419;0;0.000492368;0.002461841;0.008370261;0;0;0.113737075;0.002461841;0.000984737;0;0;0;0;0;0.000984737;0;0;0;0;0.035942885;0.002461841;0.004431315;0;0;0.004923683;0.002461841;0;0.002461841;0;0.122107336;0;0;0;0.000984737;0;0;0;0;0;0.000984737;0;0.004431315;0;0;0;0;0.002461841;0.062530773;0;0;0.001969473
G30.PAH-SH;-0.697710198;0;0.255484287;0.374145386;1.464455566;0.118661099;0.464455566;40.47;68.42;0.23;0.278;29.57;46.03;55.68;25.45;55.68;104.54;8.87;36.82;1.280696203;2.165189873;27.95;0.048;16.46;-30.23;48.86;1.690635038;1.208695652;1.556645249;0.457076149;1.877514368;16.08;-9.82;-25.9;-0.610696517;1;-1;16.08;9.82;1.909;8.745475567;0.062464183;0.035530086;0.021203438;0.011461318;0.010888252;0.03495702;0.00286533;0.103724928;0.005730659;0.048137536;0.020630372;0.007449857;0.026361032;0.01260745;0.000573066;0.000573066;0;0.013180516;0.032091691;0.011461318;0;0;0;0;0.000573066;0;0;0;0;0;0;0.004584527;0;0.001146132;0;0.002292264;0;0.003438395;0;0.04756447;0.004584527;0.004584527;0.000573066;0.026361032;0;0.003438395;0.001719198;0;0;0.001719198;0.001719198;0.002292264;0.005157593;0;0.01260745;0;0;0.005157593;0;0.00286533;0;0;0.004011461
G30.Thr-SH;-5.737735237;1;0.217630376;0.280269179;1.287821964;0.062638802;0.287821964;43.59;60.9;0.081;0.144;43.89;93.1;45.87;46.89;45.87;77.13;11.99;29.3;1.37943038;1.92721519;17.31;0.063;49.21;1.02;31.26;1.397109429;1.777777778;2.121212121;1.022236756;1.681491171;-27.78;-11.65;16.13;0.419366451;-1;-1;27.78;11.65;2.723;9.469122568;0.036077236;0.056402439;0.108739837;0.003556911;0.005589431;0.00050813;0;0.134146341;0.00050813;0.135162602;0.076727642;0.00203252;0.096036585;0;0;0.035060976;0.06351626;0.00254065;0;0.00101626;0.008638211;0.007113821;0.00050813;0.005081301;0;0.00254065;0;0;0.055894309;0;0.007621951;0;0;0;0;0;0;0;0;0;0;0;0;0;0.00254065;0;0;0;0;0;0;0;0;0;0;0.00101626;0;0;0;0;0;0;0
G30.TP;-4.142544441;1;0.212008092;0.382057493;1.802089198;0.1700494;0.802089198;42.9;50.05;0.058;0.282;41.71;15.44;44.73;13.15;44.73;65.41;11.3;18.45;1.357594937;1.583860759;7.15;0.224;-26.27;-31.58;20.68;1.166666667;4.862068966;0.370175018;0.293986139;1.462329533;-33.97;-8.14;25.83;0.239623197;-1;-1;33.97;8.14;1.834;9.28686404;0.034810127;0.051084991;0.065551537;0.002260398;0.002260398;0.006329114;0.037974684;0.054249548;0.007233273;0.068716094;0.017179024;0.003616637;0.02079566;0;0.001808318;0.005424955;0.089059675;0.000904159;0;0;0.006781193;0.002712477;0.00045208;0;0;0.00045208;0.003164557;0;0.004520796;0;0;0;0;0;0;0;0.003164557;0;0.004972875;0.075045208;0;0;0;0.009493671;0.005877034;0;0;0;0.000904159;0.01039783;0;0;0.002260398;0;0;0;0;0;0;0;0;0;0
G60.AUT;-0.779818657;0;0.281660843;0.377517145;1.340325267;0.095856302;0.340325267;81.01;108.27;0.099;0.086;68.59;244.57;87.28;88.72;87.28;121.04;21.71;48.97;1.366104553;1.825801012;27.26;-0.013;175.98;1.44;33.76;1.336501666;0.868686869;3.565680128;1.016498625;1.3868011;19.11;-11.47;-30.58;-0.600209314;1;-1;19.11;11.47;2.274;8.080055121;0.027227723;0.023267327;0.019306931;0.009405941;0.001980198;0.024257426;0.015346535;0.259405941;0.003960396;0.051980198;0.002475248;0.005445545;0;0.00049505;0.001980198;0;0;0;0.00990099;0.006930693;0;0;0;0.001485149;0.001980198;0;0;0;0;0;0;0.000990099;0.002475248;0;0;0.003960396;0.004950495;0;0;0.104455446;0.001485149;0.00990099;0;0.032178218;0;0;0;0;0;0.001980198;0;0.000990099;0.008910891;0;0;0;0;0.011386139;0.000990099;0;0;0;0.002970297
G60.CIT;-4.747778134;1;0.209150851;0.314877223;1.505502946;0.105726371;0.505502946;71.03;109.94;0.1;0.081;67.66;366.09;76.52;104.45;76.52;132.43;11.73;50.64;1.197807757;1.853962901;38.91;-0.019;298.43;27.93;55.91;1.547796706;0.81;5.410730121;1.365002614;1.730658651;-34.58;-8.97;25.61;0.259398496;-1;-1;34.58;8.97;2.835;10.00977823;0.114345114;0.046153846;0.014553015;0.004158004;0.069438669;0.005821206;0.001247401;0.027442827;0.0004158;0.038253638;0.031600832;0.008731809;0.095218295;0.004158004;0.001247401;0.015384615;0.000831601;0.033264033;0.005821206;0;0.002079002;0.003742204;0.000831601;0.003326403;0.002079002;0.010810811;0;0.019126819;0.051143451;0.002494802;0.022869023;0.000831601;0;0.002910603;0;0.002079002;0;0.001247401;0.004158004;0;0.003326403;0;0.008316008;0;0.001663202;0.00997921;0.000831601;0;0.001663202;0.000831601;0.003326403;0.003742204;0;0;0.00956341;0.005405405;0;0;0;0;0;0;0
G60.CTAB;-4.067092212;0;0.36210135;0.32615784;0.900736326;-0.03594351;-0.099263674;67.59;107.61;0.092;0.095;66.21;435.13;71.74;99.19;71.74;132.73;8.29;48.31;1.139797639;1.814671164;40.02;0.003;368.92;27.45;60.99;1.592099423;1.032608696;6.571967981;1.382631726;1.850153331;-21.45;-9.77;11.68;0.455477855;-1;-1;21.45;9.77;1.895;7.718737202;0.093383138;0.04375667;0.020811099;0.011205977;0.054429029;0.025080043;0.01280683;0.040021345;0.001067236;0.048559232;0.028815368;0.007470651;0.082177161;0.011739594;0.001067236;0.020811099;0;0.016008538;0.011205977;0.00266809;0.001600854;0.003735326;0.001067236;0.005869797;0.001600854;0.004802561;0;0.019743863;0.056563501;0.005336179;0.019743863;0.003735326;0.00266809;0.00266809;0.010138741;0.005336179;0;0.000533618;0.001067236;0;0.006937033;0.001600854;0.006403415;0;0;0.009605123;0;0.001067236;0;0;0.001067236;0;0;0.000533618;0.004802561;0.001600854;0.001067236;0;0;0;0;0;0
G60.CVVIT;-4.647829066;1;0.239247752;0.256658487;1.072772827;0.017410735;0.072772827;75.8;103.94;0.068;0.058;75.66;106.11;79.83;101.54;79.83;108.14;16.5;44.64;1.278246206;1.752782462;28.14;-0.01;30.45;21.71;28.31;1.371240106;0.852941176;1.402458366;1.2719529;1.354628586;-36.08;-11.58;24.5;0.320953437;-1;-1;36.08;11.58;2.126;9.264309295;0.051256281;0.048743719;0.066834171;0.001507538;0.027638191;0.001005025;0;0.084422111;0.001507538;0.134673367;0.073869347;0.009045226;0.106532663;0.000502513;0;0.023115578;0.005025126;0.015075377;0;0.007537688;0.004020101;0.009045226;0.00201005;0.004020101;0;0.006532663;0;0.000502513;0.103517588;0.000502513;0.020100503;0;0;0;0;0;0;0;0.000502513;0;0;0.001005025;0;0;0.003015075;0;0;0;0.010050251;0;0.006030151;0;0;0;0;0.009045226;0;0;0.005527638;0;0.002512563;0;0
G60.DDT@BDHDA;-4.23731952;0;0.272835088;0.434583054;1.592841515;0.161747967;0.592841515;75.6;53.41;0.092;0.086;68.01;40.19;80.93;33.97;80.93;57.9;16.3;-5.89;1.274873524;0.900674536;-22.19;-0.006;-27.82;-46.96;-23.03;0.706481481;0.934782609;0.590942508;0.419745459;0.71543309;22.78;-5.43;-28.21;-0.238366989;1;-1;22.78;5.43;0.148;7.70878862;0.083661417;0.010826772;0.042322835;0.018700787;0.000984252;0.042322835;0.174212598;0.054133858;0.001968504;0.06988189;0.025590551;0.002952756;0;0.00492126;0.003937008;0;0.006889764;0;0.00984252;0.007874016;0;0;0;0.057086614;0.003937008;0;0;0.039370079;0;0.001968504;0;0;0.00492126;0;0;0.005905512;0;0;0;0.001968504;0;0;0;0.000984252;0;0;0;0.006889764;0;0;0;0;0;0.001968504;0;0;0.000984252;0;0;0;0;0;0.001968504
G60.DDT@DOTAP;-0.30315151;0;0.275534574;0.53365698;1.936805867;0.258122406;0.936805867;86.9;114.53;0.107;0.138;87.22;114.42;96.47;92.27;96.47;124.7;27.6;55.23;1.465430017;1.931365936;27.63;0.031;27.2;-4.2;28.23;1.317951669;1.289719626;1.311855079;0.956463149;1.292629833;25.73;-9.7;-35.43;-0.376991838;1;-1;25.73;9.7;0.769;8.807108364;0.058935361;0.053231939;0.009505703;0.005703422;0.001901141;0.078897338;0.035171103;0.009505703;0.012357414;0;0.006653992;0.029467681;0;0.00095057;0.003802281;0.011406844;0;0;0.095057034;0.006653992;0.001901141;0;0;0;0;0;0;0;0;0;0;0.024714829;0;0.001901141;0;0;0.002851711;0.00095057;0;0;0;0.129277567;0;0;0;0;0;0;0;0;0;0;0;0.001901141;0;0;0;0;0.00095057;0.018060837;0;0;0
G60.DTNB;-5.871548215;1;0.229888129;0.321436476;1.398229993;0.091548348;0.398229993;73.95;105.18;0.091;0.057;73.09;102.81;78.94;97.46;78.94;106.02;14.65;45.88;1.247048904;1.773693086;31.23;-0.034;29.72;18.52;27.08;1.422312373;0.626373626;1.406621973;1.234608563;1.343045351;-37.05;-10.66;26.39;0.287719298;-1;-1;37.05;10.66;2.652;9.599573428;0.05046729;0.014953271;0.014953271;0.001869159;0.025545171;0.018691589;0.003738318;0.039875389;0.001869159;0.061682243;0.090342679;0.02741433;0.203738318;0.000623053;0.001869159;0.011214953;0.002492212;0.004984424;0;0.001869159;0.005607477;0.003115265;0.004361371;0.003738318;0;0.011214953;0;0.001869159;0.090342679;0.000623053;0.033021807;0;0;0;0;0;0;0;0.024922118;0;0;0;0;0;0.008099688;0;0;0;0.012461059;0;0.001246106;0;0;0;0;0.009968847;0;0;0;0;0;0.001246106;0
G60.HDA;-1.008856422;0;0.281203609;0.391381733;1.391809066;0.110178123;0.391809066;78.47;94.45;0.088;0.106;63.26;89.7;85.49;79.84;85.49;100.92;19.17;35.15;1.323271501;1.592748735;15.98;0.018;26.44;-5.65;15.43;1.203644705;1.204545455;1.417957635;0.933910399;1.180488946;21.63;-10.8;-32.43;-0.499306519;1;-1;21.63;10.8;0.372;7.441176853;0.058870968;0.012096774;0.053225806;0.048387097;0.001612903;0.081451613;0.087096774;0.045967742;0.001612903;0.054032258;0.001612903;0.002419355;0;0.006451613;0.00483871;0;0.003225806;0;0.00483871;0.003225806;0;0;0;0.027419355;0.005645161;0;0;0.011290323;0;0.005645161;0;0;0.001612903;0;0;0.010483871;0;0.00483871;0;0.001612903;0;0;0;0;0;0;0.004032258;0.032258065;0;0;0;0;0;0.003225806;0;0;0.02016129;0;0;0;0;0;0
G60.MBA;-2.689194569;1;0.27376842;0.379106402;1.384770394;0.105337983;0.384770394;71.33;102.9;0.084;0.083;70.96;107.21;75.66;94.83;75.66;107.21;12.03;43.6;1.202866779;1.735244519;31.57;-0.001;36.25;19.17;31.55;1.442590775;0.988095238;1.510851184;1.253370341;1.416997092;-34.72;-8.66;26.06;0.249423963;-1;-1;34.72;8.66;1.808;8.219592073;0.025694809;0.020975354;0.031463031;0.002097535;0.004719455;0.017829051;0.008390142;0.175144206;0.005768222;0.055584688;0.030938647;0.002097535;0.033036182;0;0;0.002621919;0.012060829;0;0;0;0.003146303;0.001048768;0.000524384;0;0;0;0.001573152;0;0.002097535;0.004719455;0;0.003670687;0;0;0;0.000524384;0.002097535;0;0.016780283;0.101206083;0;0;0;0.058730991;0.003670687;0;0;0;0;0.004719455;0;0;0.003670687;0;0;0;0;0.015207132;0;0;0;0.000524384;0
G60.MPA;-3.079478021;1;0.229814776;0.363171161;1.580277682;0.133356385;0.580277682;72.45;100.75;0.086;0.087;131.05;94.79;81.11;82.21;81.11;107.09;13.15;41.45;1.221753794;1.698988196;28.3;0.001;-36.26;1.1;25.98;1.390614217;1.011627907;0.723311713;1.01356183;1.320305758;-38.62;-9.6;29.02;0.248575867;-1;-1;38.62;9.6;2.28;7.409109082;0.024632875;0.019895784;0.067740407;0.002368546;0.004263382;0.012316438;0.007579346;0.181430602;0.00568451;0.03315964;0.047370914;0.002368546;0.042160114;0;0.000473709;0;0.012316438;0.000473709;0;0;0.003315964;0;0.001421127;0;0;0;0.001421127;0;0.016106111;0;0.000473709;0.002842255;0;0.000473709;0;0;0.001894837;0;0.003789673;0.104216011;0;0;0;0.052108006;0.003315964;0;0;0;0;0.004263382;0;0;0.003789673;0;0;0;0;0.014211274;0;0;0;0;0
G60.MUTA;1.327290712;0;0.385138036;0.637614686;1.655548472;0.252476651;0.655548472;83.89;106.63;0.202;0.197;261.41;265.6;124.01;64.4;124.01;138.23;24.59;47.33;1.414671164;1.798145025;22.74;-0.005;4.19;-59.61;14.22;1.271069257;0.975247525;1.016028461;0.519312959;1.114668172;24.14;-8.35;-32.49;-0.345898923;1;-1;24.14;8.35;1.224;7.753678071;0.029120879;0.03021978;0.002197802;0.006593407;0.006593407;0.076923077;0.014285714;0.013186813;0.007692308;0.01043956;0.002197802;0.074725275;0;0.001098901;0.005494505;0.007692308;0;0;0.123626374;0;0;0;0;0;0;0;0.003296703;0;0;0;0;0.036813187;0.005494505;0.003846154;0;0;0.002747253;0.001648352;0;0.004945055;0.000549451;0.136813187;0;0;0;0.000549451;0.001098901;0;0;0;0;0.000549451;0;0.003846154;0;0;0;0;0.001648352;0.054395604;0;0;0
G60.NT@PSMA-AP;-4.338469283;1;0.256419575;0.277680409;1.08291424;0.021260834;0.08291424;75.37;93.52;0.055;0.055;75.26;89.71;79.04;84.48;79.04;95.2;16.07;34.22;1.270994941;1.577065767;18.15;0;14.45;5.44;16.16;1.240811994;1;1.192001063;1.068825911;1.204453441;-41.68;-6.52;35.16;0.156429942;-1;-1;41.68;6.52;2.35;10.18166884;0.052311436;0.007907543;0.161192214;0.006082725;0.00973236;0.003649635;0.001216545;0.147810219;0.001216545;0.223844282;0.079683698;0.001216545;0.008515815;0.000608273;0;0.008515815;0.003649635;0.003041363;0;0.00486618;0.00243309;0.01459854;0.001216545;0.016423358;0;0.004257908;0;0;0;0.001824818;0;0;0;0;0;0;0;0;0;0;0;0;0;0;0;0;0;0.003041363;0;0;0;0;0;0;0;0;0;0;0.001824818;0;0;0;0
G60.ODA;-3.370937195;0;0.267234304;0.310753081;1.162848767;0.043518777;0.162848767;75.37;95.18;0.106;0.1;64.12;93.72;80.33;86.87;80.33;102.41;16.07;35.88;1.270994941;1.605059022;19.81;-0.006;29.6;6.54;22.08;1.262836672;0.943396226;1.461634435;1.081414167;1.274866177;22.63;-9.31;-31.94;-0.411400795;1;-1;22.63;9.31;1.085;9.308158219;0.056079956;0.019988895;0.042754026;0.049972238;0.014436424;0.01332593;0.051082732;0.059966685;0.002776235;0.109938923;0.006107718;0.007218212;0.012770683;0.012770683;0.002220988;0.011660189;0.002776235;0.001665741;0.001110494;0.007773459;0.001665741;0.00388673;0.000555247;0.025541366;0.004997224;0;0;0.016102165;0;0.007773459;0;0;0;0;0.004997224;0.011660189;0;0.002220988;0;0;0;0;0;0;0;0;0;0.012215436;0;0;0;0;0;0;0;0;0.009994448;0;0.000555247;0;0;0;0
G60.Phe-SH;-4.145860689;1;0.258188077;0.343062339;1.328730368;0.084874262;0.328730368;77.3;97.68;0.1;0.096;77.99;129.06;85.01;81.35;85.01;110.59;18;38.38;1.303541315;1.647217538;20.38;-0.004;51.07;-3.66;25.58;1.263648124;0.96;1.654827542;0.956946242;1.300905776;-28.83;-12.15;16.68;0.421436004;-1;-1;28.83;12.15;2.886;10.02035482;0.048633441;0.01607717;0.219453376;0.001607717;0.009244373;0;0;0.101688103;0.000803859;0.084003215;0.076768489;0.001607717;0.078376206;0.000401929;0;0.011254019;0.000803859;0.003215434;0;0;0.004823151;0.008440514;0.002009646;0.014469453;0;0.003215434;0;0;0.067524116;0;0.003215434;0;0;0;0;0;0;0;0;0;0;0;0;0;0.001607717;0;0;0;0.003617363;0;0;0;0;0;0;0.002411576;0;0;0;0;0;0;0
G60.PVA;-5.401406116;1;0.238381388;0.273281067;1.146402702;0.034899679;0.146402702;95.37;106.12;0.057;0.07;94.5;102.13;98.7;91.66;98.7;108.76;36.07;46.82;1.608263069;1.789544688;10.75;0.013;7.63;-7.04;10.06;1.112718884;1.228070175;1.080740741;0.928672746;1.101925025;-7.62;-8.07;-0.45;1.059055118;-1;-1;7.62;8.07;1.387;8.659124979;0.060821085;0.042574759;0.025342119;0.040040547;0.125190066;0.004561581;0.002534212;0.026355803;0.003547897;0.05119108;0.002027369;0.000506842;0.101368474;0.01064369;0;0.020273695;0;0;0;0;0;0;0;0.028890015;0.004054739;0.001013685;0.001520527;0;0.029396858;0;0.009630005;0;0;0;0.000506842;0.000506842;0;0;0;0;0;0;0;0;0;0;0;0.017739483;0;0;0.001013685;0;0;0;0.002027369;0;0;0;0;0;0;0;0
G60.Ser-SH;-4.04073432;1;0.251536709;0.394979458;1.570265668;0.143442749;0.570265668;76.5;94.89;0.095;0.104;76.66;82.61;81.49;67.98;81.49;105.55;17.2;35.59;1.29005059;1.600168634;18.39;0.009;5.95;-13.51;24.06;1.240392157;1.094736842;1.077615445;0.834212787;1.295250951;-34.23;-10.26;23.97;0.299737073;-1;-1;34.23;10.26;2.389;9.513815913;0.033408834;0.092298981;0.054360136;0.004530011;0.008493771;0.003397508;0.003397508;0.080973952;0.001698754;0.135334088;0.062287656;0.008493771;0.094563986;0;0;0.016987542;0.052661382;0.009060023;0;0.003397508;0.00792752;0.005096263;0.001698754;0.002831257;0;0.00792752;0.000566251;0.001132503;0.069648924;0;0.013023783;0;0;0;0;0;0;0;0.009060023;0.00396376;0;0.001132503;0;0;0.00792752;0;0;0;0.020385051;0;0.000566251;0;0.000566251;0;0;0.00396376;0;0;0;0;0;0;0
G60.SPP;-4.430975623;1;0.24194107;0.290461789;1.200547675;0.048520719;0.200547675;73.06;105.01;0.104;0.073;72.23;105.73;77.85;98.17;77.85;109.21;13.76;45.71;1.232040472;1.770826307;31.95;-0.031;33.5;20.32;31.36;1.437311799;0.701923077;1.463796207;1.261014772;1.402825947;-30.7;-9.68;21.02;0.315309446;-1;-1;30.7;9.68;1.421;8.733808519;0.071369975;0.048400328;0.035274815;0.001640689;0.068088597;0.003281378;0.006562756;0.031173093;0.001640689;0.066447908;0.050041017;0.016406891;0.146841674;0.001640689;0;0.013945857;0.002461034;0.016406891;0;0.004101723;0.002461034;0.004922067;0.003281378;0;0;0.015586546;0;0.004101723;0.109926169;0;0.019688269;0;0;0;0.000820345;0;0;0;0;0;0;0;0;0.000820345;0.004922067;0.002461034;0;0;0.012305168;0;0.004922067;0;0;0;0.004922067;0.016406891;0;0;0;0;0;0.000820345;0
G60.Trp-SH;-3.954333373;1;0.26103318;0.363008062;1.390658695;0.101974882;0.390658695;76.53;100.73;0.108;0.1;69.74;87.48;82.81;68.98;82.81;110.74;17.23;41.43;1.290556492;1.698650927;24.2;-0.008;17.74;-13.83;27.93;1.316215863;0.925925926;1.254373387;0.832991185;1.337278107;-33.47;-9.63;23.84;0.287720347;-1;-1;33.47;9.63;3.02;9.897648845;0.059727972;0.023654642;0.072146659;0.00295683;0.01951508;0.003548196;0;0.076877587;0.003548196;0.12300414;0.087522176;0.006505027;0.122412774;0.000591366;0;0.010644589;0.001182732;0.011827321;0;0.003548196;0.005913661;0.004139562;0.001774098;0.009461857;0;0.013601419;0;0.001182732;0.111768185;0.000591366;0.013601419;0;0;0;0.001774098;0;0;0;0.002365464;0;0;0;0;0;0.005322295;0;0;0;0.009461857;0;0.002365464;0;0;0;0;0.010644589;0;0;0;0.001774098;0;0;0
